chủ_đề,tiêu_đề,hook,insight,conflict,quan_điểm_A,quan_điểm_B
Chủ nghĩa Mác-Lênin,Marx nói gì mà cả thế giới tranh cãi 200 năm?,"Một bóng ma đang ám ảnh châu Âu...' Marx viết câu này năm 1848. Gần 200 năm sau, nó vẫn khiến người ta sợ hãi hoặc ngưỡng mộ — và không ai dửng dưng.",Chủ nghĩa Mác cho rằng lịch sử loài người là lịch sử đấu tranh giai cấp. Kẻ sở hữu tư liệu sản xuất luôn bóc lột kẻ chỉ có sức lao động — và mâu thuẫn đó không thể hòa giải.,"Các nhà kinh tế tự do phản bác: thị trường tự do tạo ra giá trị cho cả hai phía, không nhất thiết là bóc lột. Nhiều công nhân ngày nay trở thành chủ — ranh giới giai cấp có còn rõ ràng không?",Bất bình đẳng kinh tế là hệ quả tất yếu của chủ nghĩa tư bản,Cạnh tranh tự do mới thực sự giải phóng con người
Chủ nghĩa Mác-Lênin,Vật chất quyết định ý thức — đúng hay sai?,"Bạn đang đói và phải chọn giữa một bát cơm hay đọc một cuốn sách triết học. Câu trả lời của bạn, theo Marx, không phải do ý chí — mà do dạ dày quyết định.","Chủ nghĩa duy vật biện chứng khẳng định: tồn tại xã hội (điều kiện vật chất, kinh tế) quyết định ý thức xã hội (tư tưởng, văn hóa, tôn giáo). Không phải ngược lại.",Nhưng các nhà tư tưởng khác lại cho rằng ý tưởng mới là thứ thay đổi thế giới: chính những tư tưởng của Marx đã tạo ra các cuộc cách mạng — vậy ý thức không có sức mạnh riêng sao?,Thay đổi điều kiện kinh tế trước — tư duy sẽ tự thay đổi theo,Ý tưởng vĩ đại có thể thay đổi thế giới bất kể hoàn cảnh
Chủ nghĩa Mác-Lênin,Mâu thuẫn là động lực của lịch sử?,Nô lệ chống lại chủ nô. Nông dân chống lại lãnh chúa. Công nhân chống lại chủ xưởng. Marx nhìn lịch sử và thấy một vòng lặp — và ông gọi đó là quy luật.,Phép biện chứng được Marx 'lật ngược': không phải ý niệm mà chính mâu thuẫn vật chất trong xã hội mới thúc đẩy lịch sử tiến lên. Mỗi thời đại mang trong nó mầm mống tự hủy diệt của chính nó.,Nhưng không phải mọi xã hội đều vận hành qua xung đột — nhiều nền văn hóa phát triển dựa trên hợp tác và đồng thuận. Liệu mâu thuẫn có phải là quy luật phổ quát?,Không có áp lực từ dưới lên thì không có thay đổi xã hội thực sự,Cải cách hòa bình và đối thoại hiệu quả hơn đối kháng giai cấp
Chủ nghĩa Mác-Lênin,Tha hoá lao động - khi bạn làm việc mà không còn là chính mình,"Bạn dậy từ 6h sáng, làm một công việc lặp đi lặp lại chỉ để nhận lương và chẳng thấy món đồ mình làm ra có ý nghĩa gì.

Chúc mừng, bạn đang trải nghiệm cảm giác mà Karl Marx gọi là ""tha hóa lao động"".

Marx cho rằng trong xã hội tư bản, công việc không còn là nơi con người sáng tạo mà biến thành một chuỗi cực hình.","Khi bị tha hóa, người lao động bị tách rời khỏi sản phẩm họ làm ra, khỏi quá trình lao động và khỏi chính đồng nghiệp của mình.

Ví dụ, một công nhân lắp ráp iPhone cả ngày nhưng cả đời không đủ tiền mua nó. Họ chỉ là một mắt xích vô hồn trong dây chuyền, làm việc như một cái máy để sinh tồn chứ không phải để sống.","Các nhà kinh tế học hiện đại phản biện rằng: Sự phân công lao động chuyên môn hóa sâu sắc chính là chìa khóa tăng năng suất tối đa, giúp xã hội tạo ra của cải khổng lồ.

Họ cho rằng nhờ dây chuyền đó mà giá thành sản phẩm rẻ hơn, giúp chính người nghèo cũng tiếp cận được các tiện ích công nghệ.","""Lao động dây chuyền biến con người thành công cụ, tước đoạt niềm vui sáng tạo và biến cuộc sống thành sự tồn tại thuần sinh học.""","Chuyên môn hóa giúp tối ưu hóa xã hội. Niềm vui cá nhân có thể tìm kiếm qua việc tiêu dùng, giải trí và thời gian tự do sau giờ làm."
Chủ nghĩa Mác-Lênin,Chuyên chính vô sản - nghe đáng sợ nhưng ý nghĩa gốc là gì?,"Cụm từ ""chuyên chính"" nghe có vẻ giống như một chế độ độc tài độc đoán và đáng sợ trong phim ảnh.

Nhưng trong lý thuyết gốc của Marx, nó lại mang một mục đích hoàn toàn khác biệt.

Đó là một giai đoạn quá độ bắt buộc để bảo vệ thành quả của số đông quần chúng lao động.","Marx lập luận rằng nhà nước tư bản thực chất là sự ""chuyên chính"" của giai cấp tư sản (thiểu số thống trị đa số).

Vì vậy, khi lật đổ chính quyền cũ, giai cấp công nhân (vô sản) phải nắm quyền lực tuyệt đối để ngăn chặn sự phản kháng của giới chủ cũ.

Mục tiêu cuối cùng là xóa bỏ hoàn toàn giai cấp, khi đó nhà nước sẽ tự tiêu vong vì không còn ai để trấn áp.","Những nhà tư tưởng tự do cánh hữu chỉ trích mạnh mẽ: Quyền lực tuyệt đối luôn dẫn đến tha hóa tuyệt đối, bất kể nhân danh giai cấp nào.

Họ dẫn chứng lịch sử rằng giai đoạn ""quá độ"" này thường kéo dài vô tận và dễ biến tướng thành sự độc tài của một nhóm quan liêu mới lên thay thế giới chủ cũ.","""Chuyên chính vô sản là công cụ bắt buộc của đa số để đập tan sự bất công, chuẩn bị cho một xã hội bình đẳng không còn áp bức.""","""Bất kỳ hình thức tập trung quyền lực tuyệt đối nào cũng sẽ bóp nghẹt tự do cá nhân và tạo ra một giai cấp thống trị mới."""
Chủ nghĩa Mác-Lênin,Chủ nghĩa xã hội có phải là bước trung gian tất yếu?,"Bạn không thể ngay lập tức đi thẳng từ một xã hội đầy rẫy bất bình đẳng lên một thiên đường lý tưởng, nơi ai muốn lấy gì thì lấy.

Đó là lý do vì sao Marx và Lenin vạch ra một trạm dừng chân mang tên Chủ nghĩa xã hội.

Đây được xem là ""vùng đệm"" bắt buộc để chuẩn bị cả về của cải vật chất lẫn ý thức mới cho con người.","Ở giai đoạn Chủ nghĩa xã hội, xã hội vận hành theo nguyên tắc đóng góp: ""Làm theo năng lực, hưởng theo lao động"".

Nhà nước vẫn tồn tại để quản lý nền kinh tế tập trung và phân phối tài sản một cách công bằng dựa trên công sức thực tế.

Chỉ khi của cải dồi dào đến mức dư thừa và con người không còn lòng tham ích kỷ, xã hội mới tiến lên Chủ nghĩa cộng sản: ""Làm theo năng lực, hưởng theo nhu cầu"".","Các nhà kinh tế học thị trường cho rằng mô hình này quá lý tưởng hóa bản chất con người và triệt tiêu hoàn toàn động lực phát triển.

Nếu không có sự cạnh tranh gay gắt và quyền sở hữu tư nhân, con người sẽ trở nên lười biếng, dẫn đến sự trì trệ và thiếu hụt hàng hóa nghiêm trọng.

Họ tin rằng thị trường tự do và quy luật cung cầu mới là cơ chế phân bổ nguồn lực xã hội hiệu quả nhất.","""Chủ nghĩa xã hội là bước đệm lịch sử tất yếu để xây dựng cơ sở vật chất khổng lồ và rèn luyện ý thức tập thể vì cộng đồng.""","""Sự phát triển tự nhiên của công nghệ và kinh tế thị trường tự do sẽ giải quyết các vấn đề xã hội tốt hơn là một giai đoạn trung gian cưỡng ép."""
Chủ nghĩa Mác-Lênin,Phật giáo nhìn thế giới như thế nào?,"Điều gì xảy ra nếu mọi thứ quanh ta, kể cả chính bản thân mình, đều không tồn tại mãi mãi?","Theo triết học Phật giáo, vạn vật đều mang tính ""vô thường"", luôn sinh ra, biến đổi và mất đi. Con người cũng không có một cái ""tôi"" bất biến mà chỉ là sự kết hợp của nhiều yếu tố khác nhau. Mọi sự vật đều vận động trong mối liên hệ nhân quả.","Nếu mọi thứ đều thay đổi và không có cái tôi vĩnh viễn, điều gì tạo nên bản sắc của mỗi con người?","Bản chất con người là một thực thể ổn định, có những giá trị cốt lõi không đổi theo thời gian.","Con người luôn biến đổi theo trải nghiệm, hoàn cảnh và các mối quan hệ xung quanh."
Chủ nghĩa Mác-Lênin,Vì sao triết học Trung Hoa quan tâm đến đạo đức hơn khoa học?,"Trong khi nhiều nền triết học cố giải thích vũ trụ vận hành thế nào, các triết gia Trung Hoa lại dành nhiều thời gian để bàn về cách sống và cách trị nước.","Giáo trình cho rằng triết học Trung Hoa cổ đại tập trung mạnh vào các vấn đề chính trị, đạo đức và nhân sinh. Mục tiêu của nhiều học thuyết là xây dựng trật tự xã hội hài hòa và hoàn thiện cách ứng xử của con người.",Một xã hội phát triển bền vững cần được dẫn dắt bởi tri thức khoa học hay bởi các giá trị đạo đức?,Khoa học và tri thức là nền tảng quan trọng nhất để thúc đẩy tiến bộ xã hội.,Đạo đức và cách ứng xử mới là yếu tố quyết định sự ổn định lâu dài của xã hội.
Chủ nghĩa Mác-Lênin,Âm – Dương có phải chỉ là mê tín?,"Ngày và đêm, nóng và lạnh, mạnh và yếu — tại sao những mặt đối lập này luôn cùng tồn tại?","Theo triết học Trung Hoa cổ đại, Âm và Dương là hai mặt đối lập nhưng thống nhất với nhau. Sự vận động và chuyển hóa giữa chúng tạo nên sự biến đổi của vạn vật. Đây là một trong những tư tưởng sớm về mối liên hệ và sự vận động của thế giớ","Khi đối mặt với các mặt đối lập trong cuộc sống, điều quan trọng hơn là tìm cách chiến thắng hay tìm cách cân bằng chúng?",Sự phát triển đến từ việc một phía vượt trội và thay thế phía còn lại.,Sự phát triển bền vững đến từ khả năng cân bằng giữa các mặt đối lập.